province;red;green;blue;x;x
1;161;33;49;Cairun;x
2;100;109;231;Apulum;x
3;64;58;243;Maux Andros;x
4;33;67;143;Demarion Keep;x
5;73;103;222;Nurom;x
6;27;55;173;Lastum;x
7;53;137;197;Northiron Valley;x
8;143;88;240;Imerun;x
9;128;52;188;Stov;x
10;55;24;164;Tev;x
11;137;119;194;Relothigh;x
12;131;71;170;Turos;x
13;109;119;143;Ragtown;x
14;43;67;97;Uvea;x
15;89;83;140;Kivaas;x
16;146;109;115;Cubere;x
17;134;85;97;Lights Home;x
18;91;49;97;Aurbus Templas;x
19;182;37;49;Varenu;x
20;243;65;43;Solus;x
21;161;49;65;Orvrost;x
22;95;25;47;Aurion;x
23;194;73;85;Losum;x
24;125;27;115;Damien Hills;x
25;140;15;7;Jacobaland;x
26;219;61;47;Estden;x
27;185;49;125;Endost;x
28;125;89;173;Elbens Bridge;x
29;67;33;134;Hustuum;x
30;103;85;188;Dinera;x
31;59;53;131;Gervennin;x
32;91;79;125;Noneyr;x
33;140;119;173;Voyagis;x
34;65;109;161;Bay of Gulim;x
35;31;109;167;Orith;x
36;131;118;209;Karlarn;x
37;39;83;95;Onyx Coast;x
38;46;67;97;The Iceron Lands;x
39;43;73;97;Archeron;x
40;128;27;31;Rifheld;x
41;85;43;59;Toskar-Virum;x
42;95;15;19;Red Bridge;x
43;121;19;77;Treston;x
44;179;79;27;Brightarth;x
45;146;49;19;Lake Raskath;x
46;179;27;27;Hopper Gorge;x
47;85;140;164;West Press;x
48;137;113;176;Oldbones;x
49;89;101;176;Randeren;x
50;47;128;107;Oryon;x
51;58;142;202;Caivus;x
52;94;88;145;Lurnor;x
53;31;53;143;Locklend;x
54;79;73;170;Fort Jurim;x
55;213;115;170;Landykon;x
56;85;52;85;Sitharghis;x
57;152;33;33;Lumeron;x
58;209;64;88;Survelis;x
59;185;115;228;Talon Point;x
60;118;100;146;Neuxgate;x
61;85;18;124;Ragast Hall;x
62;140;76;194;Fletcherling;x
63;100;73;225;Jarados;x
64;73;27;185;Hostar;x
65;109;88;143;Oldvisht;x
66;149;46;173;Little Draconia;x
67;97;109;152;Jalnoral;x
68;61;64;118;Sundered Plains;x
69;61;91;167;Clifrok;x
70;191;49;100;West Garrilev;x
71;137;70;79;Cold Heartlands;x
72;167;30;39;Yarens Foe;x
73;88;55;164;The Pearl Gate;x
74;91;82;188;East Garrilev;x
75;143;118;219;Bleeding Sea;x
76;64;100;164;Dairun;x
77;85;112;222;Smoking Forest;x
78;82;118;173;South Ederler;x
79;67;94;164;Coffiton;x
80;1;1;1;PLACEHOLDER80;x
81;1;1;2;PLACEHOLDER81;x
82;1;2;2;PLACEHOLDER82;x
83;2;2;2;PLACEHOLDER83;x
84;2;2;3;PLACEHOLDER84;x
85;2;3;3;PLACEHOLDER85;x
86;3;3;3;PLACEHOLDER86;x
87;3;3;4;PLACEHOLDER87;x
88;3;4;4;PLACEHOLDER88;x
89;4;4;4;PLACEHOLDER89;x
90;4;4;5;PLACEHOLDER90;x
91;4;5;5;PLACEHOLDER91;x
92;5;5;5;PLACEHOLDER92;x
93;5;5;6;PLACEHOLDER93;x
94;5;6;6;PLACEHOLDER94;x
95;6;6;6;PLACEHOLDER95;x
96;6;6;7;PLACEHOLDER96;x
97;6;7;7;PLACEHOLDER97;x
98;7;7;7;PLACEHOLDER98;x
99;7;7;8;PLACEHOLDER99;x
100;7;8;8;PLACEHOLDER100;x
101;8;8;8;PLACEHOLDER101;x
102;8;8;9;PLACEHOLDER102;x
103;8;9;9;PLACEHOLDER103;x
104;9;9;9;PLACEHOLDER104;x
105;9;9;10;PLACEHOLDER105;x
106;9;10;10;PLACEHOLDER106;x
107;10;10;10;PLACEHOLDER107;x
108;10;10;11;PLACEHOLDER108;x
109;10;11;11;PLACEHOLDER109;x
110;11;11;11;PLACEHOLDER110;x
111;11;11;12;PLACEHOLDER111;x
112;11;12;12;PLACEHOLDER112;x
113;12;12;12;PLACEHOLDER113;x
114;12;12;13;PLACEHOLDER114;x
115;12;13;13;PLACEHOLDER115;x
116;13;13;13;PLACEHOLDER116;x
117;13;13;14;PLACEHOLDER117;x
118;13;14;14;PLACEHOLDER118;x
119;14;14;14;PLACEHOLDER119;x
120;14;14;15;PLACEHOLDER120;x
121;14;15;15;PLACEHOLDER121;x
122;15;15;15;PLACEHOLDER122;x
123;15;15;16;PLACEHOLDER123;x
124;15;16;16;PLACEHOLDER124;x
125;16;16;16;PLACEHOLDER125;x
126;16;16;17;PLACEHOLDER126;x
127;16;17;17;PLACEHOLDER127;x
128;17;17;17;PLACEHOLDER128;x
129;17;17;18;PLACEHOLDER129;x
130;17;18;18;PLACEHOLDER130;x
131;18;18;18;PLACEHOLDER131;x
132;18;18;19;PLACEHOLDER132;x
133;18;19;19;PLACEHOLDER133;x
134;19;19;19;PLACEHOLDER134;x
135;19;19;20;PLACEHOLDER135;x
136;19;20;20;PLACEHOLDER136;x
137;20;20;20;PLACEHOLDER137;x
138;20;20;21;PLACEHOLDER138;x
139;20;21;21;PLACEHOLDER139;x
140;21;21;21;PLACEHOLDER140;x
141;21;21;22;PLACEHOLDER141;x
142;21;22;22;PLACEHOLDER142;x
143;22;22;22;PLACEHOLDER143;x
144;22;22;23;PLACEHOLDER144;x
145;22;23;23;PLACEHOLDER145;x
146;23;23;23;PLACEHOLDER146;x
147;23;23;24;PLACEHOLDER147;x
148;23;24;24;PLACEHOLDER148;x
149;24;24;24;PLACEHOLDER149;x
150;24;24;25;PLACEHOLDER150;x
151;24;25;25;PLACEHOLDER151;x
152;25;25;25;PLACEHOLDER152;x
153;25;25;26;PLACEHOLDER153;x
154;25;26;26;PLACEHOLDER154;x
155;26;26;26;PLACEHOLDER155;x
156;26;26;27;PLACEHOLDER156;x
157;26;27;27;PLACEHOLDER157;x
158;27;27;27;PLACEHOLDER158;x
159;27;27;28;PLACEHOLDER159;x
160;27;28;28;PLACEHOLDER160;x
161;28;28;28;PLACEHOLDER161;x
162;28;28;29;PLACEHOLDER162;x
163;28;29;29;PLACEHOLDER163;x
164;29;29;29;PLACEHOLDER164;x
165;29;29;30;PLACEHOLDER165;x
166;29;30;30;PLACEHOLDER166;x
167;30;30;30;PLACEHOLDER167;x
168;30;30;31;PLACEHOLDER168;x
169;30;31;31;PLACEHOLDER169;x
170;31;31;31;PLACEHOLDER170;x
171;31;31;32;PLACEHOLDER171;x
172;31;32;32;PLACEHOLDER172;x
173;32;32;32;PLACEHOLDER173;x
174;32;32;33;PLACEHOLDER174;x
175;32;33;33;PLACEHOLDER175;x
176;33;33;33;PLACEHOLDER176;x
177;33;33;34;PLACEHOLDER177;x
178;33;34;34;PLACEHOLDER178;x
179;34;34;34;PLACEHOLDER179;x
180;34;34;35;PLACEHOLDER180;x
181;34;35;35;PLACEHOLDER181;x
182;35;35;35;PLACEHOLDER182;x
183;35;35;36;PLACEHOLDER183;x
184;35;36;36;PLACEHOLDER184;x
185;36;36;36;PLACEHOLDER185;x
186;36;36;37;PLACEHOLDER186;x
187;36;37;37;PLACEHOLDER187;x
188;37;37;37;PLACEHOLDER188;x
189;37;37;38;PLACEHOLDER189;x
190;37;38;38;PLACEHOLDER190;x
191;38;38;38;PLACEHOLDER191;x
192;38;38;39;PLACEHOLDER192;x
193;38;39;39;PLACEHOLDER193;x
194;39;39;39;PLACEHOLDER194;x
195;39;39;40;PLACEHOLDER195;x
196;39;40;40;PLACEHOLDER196;x
197;40;40;40;PLACEHOLDER197;x
198;40;40;41;PLACEHOLDER198;x
199;40;41;41;PLACEHOLDER199;x
200;41;41;41;PLACEHOLDER200;x
201;41;41;42;PLACEHOLDER201;x
202;41;42;42;PLACEHOLDER202;x
203;42;42;42;PLACEHOLDER203;x
204;42;42;43;PLACEHOLDER204;x
205;42;43;43;PLACEHOLDER205;x
206;43;43;43;PLACEHOLDER206;x
207;43;43;44;PLACEHOLDER207;x
208;43;44;44;PLACEHOLDER208;x
209;44;44;44;PLACEHOLDER209;x
210;44;44;45;PLACEHOLDER210;x
211;44;45;45;PLACEHOLDER211;x
212;45;45;45;PLACEHOLDER212;x
213;45;45;46;PLACEHOLDER213;x
214;45;46;46;PLACEHOLDER214;x
215;46;46;46;PLACEHOLDER215;x
216;46;46;47;PLACEHOLDER216;x
217;46;47;47;PLACEHOLDER217;x
218;47;47;47;PLACEHOLDER218;x
219;47;47;48;PLACEHOLDER219;x
220;47;48;48;PLACEHOLDER220;x
221;48;48;48;PLACEHOLDER221;x
222;48;48;49;PLACEHOLDER222;x
223;48;49;49;PLACEHOLDER223;x
224;49;49;49;PLACEHOLDER224;x
225;49;49;50;PLACEHOLDER225;x
226;49;50;50;PLACEHOLDER226;x
227;50;50;50;PLACEHOLDER227;x
228;50;50;51;PLACEHOLDER228;x
229;50;51;51;PLACEHOLDER229;x
230;51;51;51;PLACEHOLDER230;x
231;51;51;52;PLACEHOLDER231;x
232;51;52;52;PLACEHOLDER232;x
233;52;52;52;PLACEHOLDER233;x
234;52;52;53;PLACEHOLDER234;x
235;52;53;53;PLACEHOLDER235;x
236;53;53;53;PLACEHOLDER236;x
237;53;53;54;PLACEHOLDER237;x
238;53;54;54;PLACEHOLDER238;x
239;54;54;54;PLACEHOLDER239;x
240;54;54;55;PLACEHOLDER240;x
241;54;55;55;PLACEHOLDER241;x
242;55;55;55;PLACEHOLDER242;x
243;55;55;56;PLACEHOLDER243;x
244;55;56;56;PLACEHOLDER244;x
245;56;56;56;PLACEHOLDER245;x
246;56;56;57;PLACEHOLDER246;x
247;56;57;57;PLACEHOLDER247;x
248;57;57;57;PLACEHOLDER248;x
249;57;57;58;PLACEHOLDER249;x
250;57;58;58;PLACEHOLDER250;x
251;58;58;58;PLACEHOLDER251;x
252;58;58;59;PLACEHOLDER252;x
253;58;59;59;PLACEHOLDER253;x
254;59;59;59;PLACEHOLDER254;x
255;59;59;60;PLACEHOLDER255;x
256;59;60;60;PLACEHOLDER256;x
257;60;60;60;PLACEHOLDER257;x
258;60;60;61;PLACEHOLDER258;x
259;60;61;61;PLACEHOLDER259;x
260;61;61;61;PLACEHOLDER260;x
261;61;61;62;PLACEHOLDER261;x
262;61;62;62;PLACEHOLDER262;x
263;62;62;62;PLACEHOLDER263;x
264;62;62;63;PLACEHOLDER264;x
265;62;63;63;PLACEHOLDER265;x
266;63;63;63;PLACEHOLDER266;x
267;63;63;64;PLACEHOLDER267;x
268;63;64;64;PLACEHOLDER268;x
269;64;64;64;PLACEHOLDER269;x
270;64;64;65;PLACEHOLDER270;x
271;64;65;65;PLACEHOLDER271;x
272;65;65;65;PLACEHOLDER272;x
273;65;65;66;PLACEHOLDER273;x
274;65;66;66;PLACEHOLDER274;x
275;66;66;66;PLACEHOLDER275;x
276;66;66;67;PLACEHOLDER276;x
277;66;67;67;PLACEHOLDER277;x
278;67;67;67;PLACEHOLDER278;x
279;67;67;68;PLACEHOLDER279;x
280;67;68;68;PLACEHOLDER280;x
281;68;68;68;PLACEHOLDER281;x
282;68;68;69;PLACEHOLDER282;x
283;68;69;69;PLACEHOLDER283;x
284;69;69;69;PLACEHOLDER284;x
285;69;69;70;PLACEHOLDER285;x
286;69;70;70;PLACEHOLDER286;x
287;70;70;70;PLACEHOLDER287;x
288;70;70;71;PLACEHOLDER288;x
289;70;71;71;PLACEHOLDER289;x
290;71;71;71;PLACEHOLDER290;x
291;71;71;72;PLACEHOLDER291;x
292;71;72;72;PLACEHOLDER292;x
293;72;72;72;PLACEHOLDER293;x
294;72;72;73;PLACEHOLDER294;x
295;72;73;73;PLACEHOLDER295;x
296;73;73;73;PLACEHOLDER296;x
297;73;73;74;PLACEHOLDER297;x
298;73;74;74;PLACEHOLDER298;x
299;74;74;74;PLACEHOLDER299;x
300;74;74;75;PLACEHOLDER300;x
301;74;75;75;PLACEHOLDER301;x
302;75;75;75;PLACEHOLDER302;x
303;75;75;76;PLACEHOLDER303;x
304;75;76;76;PLACEHOLDER304;x
305;76;76;76;PLACEHOLDER305;x
306;76;76;77;PLACEHOLDER306;x
307;76;77;77;PLACEHOLDER307;x
308;77;77;77;PLACEHOLDER308;x
309;77;77;78;PLACEHOLDER309;x
310;77;78;78;PLACEHOLDER310;x
311;78;78;78;PLACEHOLDER311;x
312;78;78;79;PLACEHOLDER312;x
313;78;79;79;PLACEHOLDER313;x
314;79;79;79;PLACEHOLDER314;x
315;79;79;80;PLACEHOLDER315;x
316;79;80;80;PLACEHOLDER316;x
317;80;80;80;PLACEHOLDER317;x
318;80;80;81;PLACEHOLDER318;x
319;80;81;81;PLACEHOLDER319;x
320;81;81;81;PLACEHOLDER320;x
321;81;81;82;PLACEHOLDER321;x
322;81;82;82;PLACEHOLDER322;x
323;82;82;82;PLACEHOLDER323;x
324;82;82;83;PLACEHOLDER324;x
325;82;83;83;PLACEHOLDER325;x
326;83;83;83;PLACEHOLDER326;x
327;83;83;84;PLACEHOLDER327;x
328;83;84;84;PLACEHOLDER328;x
329;84;84;84;PLACEHOLDER329;x
330;84;84;85;PLACEHOLDER330;x
331;84;85;85;PLACEHOLDER331;x
332;85;85;85;PLACEHOLDER332;x
333;85;85;86;PLACEHOLDER333;x
334;85;86;86;PLACEHOLDER334;x
335;86;86;86;PLACEHOLDER335;x
336;86;86;87;PLACEHOLDER336;x
337;86;87;87;PLACEHOLDER337;x
338;87;87;87;PLACEHOLDER338;x
339;87;87;88;PLACEHOLDER339;x
340;87;88;88;PLACEHOLDER340;x
341;88;88;88;PLACEHOLDER341;x
342;88;88;89;PLACEHOLDER342;x
343;88;89;89;PLACEHOLDER343;x
344;89;89;89;PLACEHOLDER344;x
345;89;89;90;PLACEHOLDER345;x
346;89;90;90;PLACEHOLDER346;x
347;90;90;90;PLACEHOLDER347;x
348;90;90;91;PLACEHOLDER348;x
349;90;91;91;PLACEHOLDER349;x
350;91;91;91;PLACEHOLDER350;x
351;91;91;92;PLACEHOLDER351;x
352;91;92;92;PLACEHOLDER352;x
353;92;92;92;PLACEHOLDER353;x
354;92;92;93;PLACEHOLDER354;x
355;92;93;93;PLACEHOLDER355;x
356;93;93;93;PLACEHOLDER356;x
357;93;93;94;PLACEHOLDER357;x
358;93;94;94;PLACEHOLDER358;x
359;94;94;94;PLACEHOLDER359;x
360;94;94;95;PLACEHOLDER360;x
361;94;95;95;PLACEHOLDER361;x
362;95;95;95;PLACEHOLDER362;x
363;95;95;96;PLACEHOLDER363;x
364;95;96;96;PLACEHOLDER364;x
365;96;96;96;PLACEHOLDER365;x
366;96;96;97;PLACEHOLDER366;x
367;96;97;97;PLACEHOLDER367;x
368;97;97;97;PLACEHOLDER368;x
369;97;97;98;PLACEHOLDER369;x
370;97;98;98;PLACEHOLDER370;x
371;98;98;98;PLACEHOLDER371;x
372;98;98;99;PLACEHOLDER372;x
373;98;99;99;PLACEHOLDER373;x
374;99;99;99;PLACEHOLDER374;x
375;99;99;100;PLACEHOLDER375;x
376;99;100;100;PLACEHOLDER376;x
377;100;100;100;PLACEHOLDER377;x
378;100;100;101;PLACEHOLDER378;x
379;100;101;101;PLACEHOLDER379;x
380;101;101;101;PLACEHOLDER380;x
381;101;101;102;PLACEHOLDER381;x
382;101;102;102;PLACEHOLDER382;x
383;102;102;102;PLACEHOLDER383;x
384;102;102;103;PLACEHOLDER384;x
385;102;103;103;PLACEHOLDER385;x
386;103;103;103;PLACEHOLDER386;x
387;103;103;104;PLACEHOLDER387;x
388;103;104;104;PLACEHOLDER388;x
389;104;104;104;PLACEHOLDER389;x
390;104;104;105;PLACEHOLDER390;x
391;104;105;105;PLACEHOLDER391;x
392;105;105;105;PLACEHOLDER392;x
393;105;105;106;PLACEHOLDER393;x
394;105;106;106;PLACEHOLDER394;x
395;106;106;106;PLACEHOLDER395;x
396;106;106;107;PLACEHOLDER396;x
397;106;107;107;PLACEHOLDER397;x
398;107;107;107;PLACEHOLDER398;x
399;107;107;108;PLACEHOLDER399;x
400;107;108;108;PLACEHOLDER400;x
401;108;108;108;PLACEHOLDER401;x
402;108;108;109;PLACEHOLDER402;x
403;108;109;109;PLACEHOLDER403;x
404;109;109;109;PLACEHOLDER404;x
405;109;109;110;PLACEHOLDER405;x
406;109;110;110;PLACEHOLDER406;x
407;110;110;110;PLACEHOLDER407;x
408;110;110;111;PLACEHOLDER408;x
409;110;111;111;PLACEHOLDER409;x
410;111;111;111;PLACEHOLDER410;x
411;111;111;112;PLACEHOLDER411;x
412;111;112;112;PLACEHOLDER412;x
413;112;112;112;PLACEHOLDER413;x
414;112;112;113;PLACEHOLDER414;x
415;112;113;113;PLACEHOLDER415;x
416;113;113;113;PLACEHOLDER416;x
417;113;113;114;PLACEHOLDER417;x
418;113;114;114;PLACEHOLDER418;x
419;114;114;114;PLACEHOLDER419;x
420;114;114;115;PLACEHOLDER420;x
421;114;115;115;PLACEHOLDER421;x
422;115;115;115;PLACEHOLDER422;x
423;115;115;116;PLACEHOLDER423;x
424;115;116;116;PLACEHOLDER424;x
425;116;116;116;PLACEHOLDER425;x
426;116;116;117;PLACEHOLDER426;x
427;116;117;117;PLACEHOLDER427;x
428;117;117;117;PLACEHOLDER428;x
429;117;117;118;PLACEHOLDER429;x
430;117;118;118;PLACEHOLDER430;x
431;118;118;118;PLACEHOLDER431;x
432;118;118;119;PLACEHOLDER432;x
433;118;119;119;PLACEHOLDER433;x
434;119;119;119;PLACEHOLDER434;x
435;119;119;120;PLACEHOLDER435;x
436;119;120;120;PLACEHOLDER436;x
437;120;120;120;PLACEHOLDER437;x
438;120;120;121;PLACEHOLDER438;x
439;120;121;121;PLACEHOLDER439;x
440;121;121;121;PLACEHOLDER440;x
441;121;121;122;PLACEHOLDER441;x
442;121;122;122;PLACEHOLDER442;x
443;122;122;122;PLACEHOLDER443;x
444;122;122;123;PLACEHOLDER444;x
445;122;123;123;PLACEHOLDER445;x
446;123;123;123;PLACEHOLDER446;x
447;123;123;124;PLACEHOLDER447;x
448;123;124;124;PLACEHOLDER448;x
449;124;124;124;PLACEHOLDER449;x
450;124;124;125;PLACEHOLDER450;x
451;124;125;125;PLACEHOLDER451;x
452;125;125;125;PLACEHOLDER452;x
453;125;125;126;PLACEHOLDER453;x
454;125;126;126;PLACEHOLDER454;x
455;126;126;126;PLACEHOLDER455;x
456;126;126;127;PLACEHOLDER456;x
457;126;127;127;PLACEHOLDER457;x
458;127;127;127;PLACEHOLDER458;x
459;127;127;128;PLACEHOLDER459;x
460;127;128;128;PLACEHOLDER460;x
461;128;128;128;PLACEHOLDER461;x
462;128;128;129;PLACEHOLDER462;x
463;128;129;129;PLACEHOLDER463;x
464;129;129;129;PLACEHOLDER464;x
465;129;129;130;PLACEHOLDER465;x
466;129;130;130;PLACEHOLDER466;x
467;130;130;130;PLACEHOLDER467;x
468;130;130;131;PLACEHOLDER468;x
469;130;131;131;PLACEHOLDER469;x
470;131;131;131;PLACEHOLDER470;x
471;131;131;132;PLACEHOLDER471;x
472;131;132;132;PLACEHOLDER472;x
473;132;132;132;PLACEHOLDER473;x
474;132;132;133;PLACEHOLDER474;x
475;132;133;133;PLACEHOLDER475;x
476;133;133;133;PLACEHOLDER476;x
477;133;133;134;PLACEHOLDER477;x
478;133;134;134;PLACEHOLDER478;x
479;134;134;134;PLACEHOLDER479;x
480;134;134;135;PLACEHOLDER480;x
481;134;135;135;PLACEHOLDER481;x
482;135;135;135;PLACEHOLDER482;x
483;135;135;136;PLACEHOLDER483;x
484;135;136;136;PLACEHOLDER484;x
485;136;136;136;PLACEHOLDER485;x
486;136;136;137;PLACEHOLDER486;x
487;136;137;137;PLACEHOLDER487;x
488;137;137;137;PLACEHOLDER488;x
489;137;137;138;PLACEHOLDER489;x
490;137;138;138;PLACEHOLDER490;x
491;138;138;138;PLACEHOLDER491;x
492;138;138;139;PLACEHOLDER492;x
493;138;139;139;PLACEHOLDER493;x
494;139;139;139;PLACEHOLDER494;x
495;139;139;140;PLACEHOLDER495;x
496;139;140;140;PLACEHOLDER496;x
497;140;140;140;PLACEHOLDER497;x
498;140;140;141;PLACEHOLDER498;x
499;140;141;141;PLACEHOLDER499;x
500;141;141;141;PLACEHOLDER500;x
501;141;141;142;PLACEHOLDER501;x
502;141;142;142;PLACEHOLDER502;x
503;142;142;142;PLACEHOLDER503;x
504;142;142;143;PLACEHOLDER504;x
505;142;143;143;PLACEHOLDER505;x
506;143;143;143;PLACEHOLDER506;x
507;143;143;144;PLACEHOLDER507;x
508;143;144;144;PLACEHOLDER508;x
509;144;144;144;PLACEHOLDER509;x
510;144;144;145;PLACEHOLDER510;x
511;144;145;145;PLACEHOLDER511;x
512;145;145;145;PLACEHOLDER512;x
513;145;145;146;PLACEHOLDER513;x
514;145;146;146;PLACEHOLDER514;x
515;146;146;146;PLACEHOLDER515;x
516;146;146;147;PLACEHOLDER516;x
517;146;147;147;PLACEHOLDER517;x
518;147;147;147;PLACEHOLDER518;x
519;147;147;148;PLACEHOLDER519;x
520;147;148;148;PLACEHOLDER520;x
521;148;148;148;PLACEHOLDER521;x
522;148;148;149;PLACEHOLDER522;x
523;148;149;149;PLACEHOLDER523;x
524;149;149;149;PLACEHOLDER524;x
525;149;149;150;PLACEHOLDER525;x
526;149;150;150;PLACEHOLDER526;x
527;150;150;150;PLACEHOLDER527;x
528;150;150;151;PLACEHOLDER528;x
529;150;151;151;PLACEHOLDER529;x
530;151;151;151;PLACEHOLDER530;x
531;151;151;152;PLACEHOLDER531;x
532;151;152;152;PLACEHOLDER532;x
533;152;152;152;PLACEHOLDER533;x
534;152;152;153;PLACEHOLDER534;x
535;152;153;153;PLACEHOLDER535;x
536;153;153;153;PLACEHOLDER536;x
537;153;153;154;PLACEHOLDER537;x
538;153;154;154;PLACEHOLDER538;x
539;154;154;154;PLACEHOLDER539;x
540;154;154;155;PLACEHOLDER540;x
541;154;155;155;PLACEHOLDER541;x
542;155;155;155;PLACEHOLDER542;x
543;155;155;156;PLACEHOLDER543;x
544;155;156;156;PLACEHOLDER544;x
545;156;156;156;PLACEHOLDER545;x
546;156;156;157;PLACEHOLDER546;x
547;156;157;157;PLACEHOLDER547;x
548;157;157;157;PLACEHOLDER548;x
549;157;157;158;PLACEHOLDER549;x
550;157;158;158;PLACEHOLDER550;x
551;158;158;158;PLACEHOLDER551;x
552;158;158;159;PLACEHOLDER552;x
553;158;159;159;PLACEHOLDER553;x
554;159;159;159;PLACEHOLDER554;x
555;159;159;160;PLACEHOLDER555;x
556;159;160;160;PLACEHOLDER556;x
557;160;160;160;PLACEHOLDER557;x
558;160;160;161;PLACEHOLDER558;x
559;160;161;161;PLACEHOLDER559;x
560;161;161;161;PLACEHOLDER560;x
561;161;161;162;PLACEHOLDER561;x
562;161;162;162;PLACEHOLDER562;x
563;162;162;162;PLACEHOLDER563;x
564;162;162;163;PLACEHOLDER564;x
565;162;163;163;PLACEHOLDER565;x
566;163;163;163;PLACEHOLDER566;x
567;163;163;164;PLACEHOLDER567;x
568;163;164;164;PLACEHOLDER568;x
569;164;164;164;PLACEHOLDER569;x
570;164;164;165;PLACEHOLDER570;x
571;164;165;165;PLACEHOLDER571;x
572;165;165;165;PLACEHOLDER572;x
573;165;165;166;PLACEHOLDER573;x
574;165;166;166;PLACEHOLDER574;x
575;166;166;166;PLACEHOLDER575;x
576;166;166;167;PLACEHOLDER576;x
577;166;167;167;PLACEHOLDER577;x
578;167;167;167;PLACEHOLDER578;x
579;167;167;168;PLACEHOLDER579;x
580;167;168;168;PLACEHOLDER580;x
581;168;168;168;PLACEHOLDER581;x
582;168;168;169;PLACEHOLDER582;x
583;168;169;169;PLACEHOLDER583;x
584;169;169;169;PLACEHOLDER584;x
585;169;169;170;PLACEHOLDER585;x
586;169;170;170;PLACEHOLDER586;x
587;170;170;170;PLACEHOLDER587;x
588;170;170;171;PLACEHOLDER588;x
589;170;171;171;PLACEHOLDER589;x
590;171;171;171;PLACEHOLDER590;x
591;171;171;172;PLACEHOLDER591;x
592;171;172;172;PLACEHOLDER592;x
593;172;172;172;PLACEHOLDER593;x
594;172;172;173;PLACEHOLDER594;x
595;172;173;173;PLACEHOLDER595;x
596;173;173;173;PLACEHOLDER596;x
597;173;173;174;PLACEHOLDER597;x
598;173;174;174;PLACEHOLDER598;x
599;174;174;174;PLACEHOLDER599;x
600;174;174;175;PLACEHOLDER600;x
601;174;175;175;PLACEHOLDER601;x
602;175;175;175;PLACEHOLDER602;x
603;175;175;176;PLACEHOLDER603;x
604;175;176;176;PLACEHOLDER604;x
605;176;176;176;PLACEHOLDER605;x
606;176;176;177;PLACEHOLDER606;x
607;176;177;177;PLACEHOLDER607;x
608;177;177;177;PLACEHOLDER608;x
609;177;177;178;PLACEHOLDER609;x
610;177;178;178;PLACEHOLDER610;x
611;178;178;178;PLACEHOLDER611;x
612;178;178;179;PLACEHOLDER612;x
613;178;179;179;PLACEHOLDER613;x
614;179;179;179;PLACEHOLDER614;x
615;179;179;180;PLACEHOLDER615;x
616;179;180;180;PLACEHOLDER616;x
617;180;180;180;PLACEHOLDER617;x
618;180;180;181;PLACEHOLDER618;x
619;180;181;181;PLACEHOLDER619;x
620;181;181;181;PLACEHOLDER620;x
621;181;181;182;PLACEHOLDER621;x
622;181;182;182;PLACEHOLDER622;x
623;182;182;182;PLACEHOLDER623;x
624;182;182;183;PLACEHOLDER624;x
625;182;183;183;PLACEHOLDER625;x
626;183;183;183;PLACEHOLDER626;x
627;183;183;184;PLACEHOLDER627;x
628;183;184;184;PLACEHOLDER628;x
629;184;184;184;PLACEHOLDER629;x
630;184;184;185;PLACEHOLDER630;x
631;184;185;185;PLACEHOLDER631;x
632;185;185;185;PLACEHOLDER632;x
633;185;185;186;PLACEHOLDER633;x
634;185;186;186;PLACEHOLDER634;x
635;186;186;186;PLACEHOLDER635;x
636;186;186;187;PLACEHOLDER636;x
637;186;187;187;PLACEHOLDER637;x
638;187;187;187;PLACEHOLDER638;x
639;187;187;188;PLACEHOLDER639;x
640;187;188;188;PLACEHOLDER640;x
641;188;188;188;PLACEHOLDER641;x
642;188;188;189;PLACEHOLDER642;x
643;188;189;189;PLACEHOLDER643;x
644;189;189;189;PLACEHOLDER644;x
645;189;189;190;PLACEHOLDER645;x
646;189;190;190;PLACEHOLDER646;x
647;190;190;190;PLACEHOLDER647;x
648;190;190;191;PLACEHOLDER648;x
649;190;191;191;PLACEHOLDER649;x
650;191;191;191;PLACEHOLDER650;x
651;191;191;192;PLACEHOLDER651;x
652;191;192;192;PLACEHOLDER652;x
653;192;192;192;PLACEHOLDER653;x
654;192;192;193;PLACEHOLDER654;x
655;192;193;193;PLACEHOLDER655;x
656;193;193;193;PLACEHOLDER656;x
657;193;193;194;PLACEHOLDER657;x
658;193;194;194;PLACEHOLDER658;x
659;194;194;194;PLACEHOLDER659;x
660;194;194;195;PLACEHOLDER660;x
661;194;195;195;PLACEHOLDER661;x
662;195;195;195;PLACEHOLDER662;x
663;195;195;196;PLACEHOLDER663;x
664;195;196;196;PLACEHOLDER664;x
665;196;196;196;PLACEHOLDER665;x
666;196;196;197;PLACEHOLDER666;x
667;196;197;197;PLACEHOLDER667;x
668;197;197;197;PLACEHOLDER668;x
669;197;197;198;PLACEHOLDER669;x
670;197;198;198;PLACEHOLDER670;x
671;198;198;198;PLACEHOLDER671;x
672;198;198;199;PLACEHOLDER672;x
673;198;199;199;PLACEHOLDER673;x
674;199;199;199;PLACEHOLDER674;x
675;199;199;200;PLACEHOLDER675;x
676;199;200;200;PLACEHOLDER676;x
677;200;200;200;PLACEHOLDER677;x
678;200;200;201;PLACEHOLDER678;x
679;200;201;201;PLACEHOLDER679;x
680;201;201;201;PLACEHOLDER680;x
681;201;201;202;PLACEHOLDER681;x
682;201;202;202;PLACEHOLDER682;x
683;202;202;202;PLACEHOLDER683;x
684;202;202;203;PLACEHOLDER684;x
685;202;203;203;PLACEHOLDER685;x
686;203;203;203;PLACEHOLDER686;x
687;203;203;204;PLACEHOLDER687;x
688;203;204;204;PLACEHOLDER688;x
689;204;204;204;PLACEHOLDER689;x
690;204;204;205;PLACEHOLDER690;x
691;204;205;205;PLACEHOLDER691;x
692;205;205;205;PLACEHOLDER692;x
693;205;205;206;PLACEHOLDER693;x
694;205;206;206;PLACEHOLDER694;x
695;206;206;206;PLACEHOLDER695;x
696;206;206;207;PLACEHOLDER696;x
697;206;207;207;PLACEHOLDER697;x
698;207;207;207;PLACEHOLDER698;x
699;207;207;208;PLACEHOLDER699;x
700;207;208;208;PLACEHOLDER700;x
701;208;208;208;PLACEHOLDER701;x
702;208;208;209;PLACEHOLDER702;x
703;208;209;209;PLACEHOLDER703;x
704;209;209;209;PLACEHOLDER704;x
705;209;209;210;PLACEHOLDER705;x
706;209;210;210;PLACEHOLDER706;x
707;210;210;210;PLACEHOLDER707;x
708;210;210;211;PLACEHOLDER708;x
709;210;211;211;PLACEHOLDER709;x
710;211;211;211;PLACEHOLDER710;x
711;211;211;212;PLACEHOLDER711;x
712;211;212;212;PLACEHOLDER712;x
713;212;212;212;PLACEHOLDER713;x
714;212;212;213;PLACEHOLDER714;x
715;212;213;213;PLACEHOLDER715;x
716;213;213;213;PLACEHOLDER716;x
717;213;213;214;PLACEHOLDER717;x
718;213;214;214;PLACEHOLDER718;x
719;214;214;214;PLACEHOLDER719;x
720;214;214;215;PLACEHOLDER720;x
721;214;215;215;PLACEHOLDER721;x
722;215;215;215;PLACEHOLDER722;x
723;215;215;216;PLACEHOLDER723;x
724;215;216;216;PLACEHOLDER724;x
725;216;216;216;PLACEHOLDER725;x
726;216;216;217;PLACEHOLDER726;x
727;216;217;217;PLACEHOLDER727;x
728;217;217;217;PLACEHOLDER728;x
729;217;217;218;PLACEHOLDER729;x
730;217;218;218;PLACEHOLDER730;x
731;218;218;218;PLACEHOLDER731;x
732;218;218;219;PLACEHOLDER732;x
733;218;219;219;PLACEHOLDER733;x
734;219;219;219;PLACEHOLDER734;x
735;219;219;220;PLACEHOLDER735;x
736;219;220;220;PLACEHOLDER736;x
737;220;220;220;PLACEHOLDER737;x
738;220;220;221;PLACEHOLDER738;x
739;220;221;221;PLACEHOLDER739;x
740;221;221;221;PLACEHOLDER740;x
741;221;221;222;PLACEHOLDER741;x
742;221;222;222;PLACEHOLDER742;x
743;222;222;222;PLACEHOLDER743;x
744;222;222;223;PLACEHOLDER744;x
745;222;223;223;PLACEHOLDER745;x
746;223;223;223;PLACEHOLDER746;x
747;223;223;224;PLACEHOLDER747;x
748;223;224;224;PLACEHOLDER748;x
749;224;224;224;PLACEHOLDER749;x
750;224;224;225;PLACEHOLDER750;x
751;224;225;225;PLACEHOLDER751;x
752;225;225;225;PLACEHOLDER752;x
753;225;225;226;PLACEHOLDER753;x
754;225;226;226;PLACEHOLDER754;x
755;226;226;226;PLACEHOLDER755;x
756;226;226;227;PLACEHOLDER756;x
757;226;227;227;PLACEHOLDER757;x
758;227;227;227;PLACEHOLDER758;x
759;227;227;228;PLACEHOLDER759;x
760;227;228;228;PLACEHOLDER760;x
761;228;228;228;PLACEHOLDER761;x
762;228;228;229;PLACEHOLDER762;x
763;228;229;229;PLACEHOLDER763;x
764;229;229;229;PLACEHOLDER764;x
765;229;229;230;PLACEHOLDER765;x
766;229;230;230;PLACEHOLDER766;x
767;230;230;230;PLACEHOLDER767;x
768;230;230;231;PLACEHOLDER768;x
769;230;231;231;PLACEHOLDER769;x
770;231;231;231;PLACEHOLDER770;x
771;231;231;232;PLACEHOLDER771;x
772;231;232;232;PLACEHOLDER772;x
773;232;232;232;PLACEHOLDER773;x
774;232;232;233;PLACEHOLDER774;x
775;232;233;233;PLACEHOLDER775;x
776;233;233;233;PLACEHOLDER776;x
777;233;233;234;PLACEHOLDER777;x
778;233;234;234;PLACEHOLDER778;x
779;234;234;234;PLACEHOLDER779;x
780;234;234;235;PLACEHOLDER780;x
781;234;235;235;PLACEHOLDER781;x
782;235;235;235;PLACEHOLDER782;x
783;235;235;236;PLACEHOLDER783;x
784;235;236;236;PLACEHOLDER784;x
785;236;236;236;PLACEHOLDER785;x
786;236;236;237;PLACEHOLDER786;x
787;236;237;237;PLACEHOLDER787;x
788;237;237;237;PLACEHOLDER788;x
789;237;237;238;PLACEHOLDER789;x
790;237;238;238;PLACEHOLDER790;x
791;238;238;238;PLACEHOLDER791;x
792;238;238;239;PLACEHOLDER792;x
793;238;239;239;PLACEHOLDER793;x
794;239;239;239;PLACEHOLDER794;x
795;239;239;240;PLACEHOLDER795;x
796;239;240;240;PLACEHOLDER796;x
797;240;240;240;PLACEHOLDER797;x
798;240;240;241;PLACEHOLDER798;x
799;240;241;241;PLACEHOLDER799;x
800;241;241;241;PLACEHOLDER800;x
801;241;241;242;PLACEHOLDER801;x
802;241;242;242;PLACEHOLDER802;x
803;242;242;242;PLACEHOLDER803;x
804;242;242;243;PLACEHOLDER804;x
805;242;243;243;PLACEHOLDER805;x
806;243;243;243;PLACEHOLDER806;x
807;243;243;244;PLACEHOLDER807;x
808;243;244;244;PLACEHOLDER808;x
809;244;244;244;PLACEHOLDER809;x
810;244;244;245;PLACEHOLDER810;x
811;244;245;245;PLACEHOLDER811;x
812;245;245;245;PLACEHOLDER812;x
813;245;245;246;PLACEHOLDER813;x
814;245;246;246;PLACEHOLDER814;x
815;246;246;246;PLACEHOLDER815;x
816;246;246;247;PLACEHOLDER816;x
817;246;247;247;PLACEHOLDER817;x
818;247;247;247;PLACEHOLDER818;x
819;247;247;248;PLACEHOLDER819;x
820;247;248;248;PLACEHOLDER820;x
821;248;248;248;PLACEHOLDER821;x
822;248;248;249;PLACEHOLDER822;x
823;248;249;249;PLACEHOLDER823;x
824;249;249;249;PLACEHOLDER824;x
825;249;249;250;PLACEHOLDER825;x
826;249;250;250;PLACEHOLDER826;x
827;250;250;250;PLACEHOLDER827;x
828;250;250;251;PLACEHOLDER828;x
829;250;251;251;PLACEHOLDER829;x
830;251;251;251;PLACEHOLDER830;x
831;251;251;252;PLACEHOLDER831;x
832;251;252;252;PLACEHOLDER832;x
833;252;252;252;PLACEHOLDER833;x
834;252;252;253;PLACEHOLDER834;x
835;252;253;253;PLACEHOLDER835;x
836;253;253;253;PLACEHOLDER836;x
837;253;253;254;PLACEHOLDER837;x
838;253;254;254;PLACEHOLDER838;x
839;254;254;254;PLACEHOLDER839;x
840;254;254;255;PLACEHOLDER840;x
841;254;255;255;PLACEHOLDER841;x
842;255;255;256;PLACEHOLDER842;x
843;255;256;256;PLACEHOLDER843;x
844;256;256;256;PLACEHOLDER844;x
845;256;256;257;PLACEHOLDER845;x
846;256;257;257;PLACEHOLDER846;x
847;257;257;257;PLACEHOLDER847;x
848;257;257;258;PLACEHOLDER848;x
849;257;258;258;PLACEHOLDER849;x
850;258;258;258;PLACEHOLDER850;x
851;258;258;259;PLACEHOLDER851;x
852;258;259;259;PLACEHOLDER852;x
853;259;259;259;PLACEHOLDER853;x
854;259;259;260;PLACEHOLDER854;x
855;259;260;260;PLACEHOLDER855;x
856;260;260;260;PLACEHOLDER856;x
857;260;260;261;PLACEHOLDER857;x
858;260;261;261;PLACEHOLDER858;x
859;261;261;261;PLACEHOLDER859;x
860;261;261;262;PLACEHOLDER860;x
861;261;262;262;PLACEHOLDER861;x
862;262;262;262;PLACEHOLDER862;x
863;262;262;263;PLACEHOLDER863;x
864;262;263;263;PLACEHOLDER864;x
865;263;263;263;PLACEHOLDER865;x
866;263;263;264;PLACEHOLDER866;x
867;263;264;264;PLACEHOLDER867;x
868;264;264;264;PLACEHOLDER868;x
869;264;264;265;PLACEHOLDER869;x
870;264;265;265;PLACEHOLDER870;x
871;265;265;265;PLACEHOLDER871;x
872;265;265;266;PLACEHOLDER872;x
873;265;266;266;PLACEHOLDER873;x
874;266;266;266;PLACEHOLDER874;x
875;266;266;267;PLACEHOLDER875;x
876;266;267;267;PLACEHOLDER876;x
877;267;267;267;PLACEHOLDER877;x
878;267;267;268;PLACEHOLDER878;x
879;267;268;268;PLACEHOLDER879;x
880;268;268;268;PLACEHOLDER880;x
881;268;268;269;PLACEHOLDER881;x
882;268;269;269;PLACEHOLDER882;x
883;269;269;269;PLACEHOLDER883;x
884;269;269;270;PLACEHOLDER884;x
885;269;270;270;PLACEHOLDER885;x
886;270;270;270;PLACEHOLDER886;x
887;270;270;271;PLACEHOLDER887;x
888;270;271;271;PLACEHOLDER888;x
889;271;271;271;PLACEHOLDER889;x
890;271;271;272;PLACEHOLDER890;x
891;271;272;272;PLACEHOLDER891;x
892;272;272;272;PLACEHOLDER892;x
893;272;272;273;PLACEHOLDER893;x
894;272;273;273;PLACEHOLDER894;x
895;273;273;273;PLACEHOLDER895;x
896;273;273;274;PLACEHOLDER896;x
897;273;274;274;PLACEHOLDER897;x
898;274;274;274;PLACEHOLDER898;x
899;274;274;275;PLACEHOLDER899;x
900;274;275;275;PLACEHOLDER900;x
901;275;275;275;PLACEHOLDER901;x
902;275;275;276;PLACEHOLDER902;x
903;275;276;276;PLACEHOLDER903;x
904;276;276;276;PLACEHOLDER904;x
905;276;276;277;PLACEHOLDER905;x
906;276;277;277;PLACEHOLDER906;x
907;277;277;277;PLACEHOLDER907;x
908;277;277;278;PLACEHOLDER908;x
909;277;278;278;PLACEHOLDER909;x
910;278;278;278;PLACEHOLDER910;x
911;278;278;279;PLACEHOLDER911;x
912;278;279;279;PLACEHOLDER912;x
913;279;279;279;PLACEHOLDER913;x
914;279;279;280;PLACEHOLDER914;x
915;279;280;280;PLACEHOLDER915;x
916;280;280;280;PLACEHOLDER916;x
917;280;280;281;PLACEHOLDER917;x
918;280;281;281;PLACEHOLDER918;x
919;281;281;281;PLACEHOLDER919;x
920;281;281;282;PLACEHOLDER920;x
921;281;282;282;PLACEHOLDER921;x
922;282;282;282;PLACEHOLDER922;x
923;282;282;283;PLACEHOLDER923;x
924;282;283;283;PLACEHOLDER924;x
925;283;283;283;PLACEHOLDER925;x
926;283;283;284;PLACEHOLDER926;x
927;283;284;284;PLACEHOLDER927;x
928;284;284;284;PLACEHOLDER928;x
929;284;284;285;PLACEHOLDER929;x
930;284;285;285;PLACEHOLDER930;x
931;285;285;285;PLACEHOLDER931;x
932;285;285;286;PLACEHOLDER932;x
933;285;286;286;PLACEHOLDER933;x
934;286;286;286;PLACEHOLDER934;x
935;286;286;287;PLACEHOLDER935;x
936;286;287;287;PLACEHOLDER936;x
937;287;287;287;PLACEHOLDER937;x
938;287;287;288;PLACEHOLDER938;x
939;287;288;288;PLACEHOLDER939;x
940;288;288;288;PLACEHOLDER940;x
941;288;288;289;PLACEHOLDER941;x
942;288;289;289;PLACEHOLDER942;x
943;289;289;289;PLACEHOLDER943;x
944;289;289;290;PLACEHOLDER944;x
945;289;290;290;PLACEHOLDER945;x
946;290;290;290;PLACEHOLDER946;x
947;290;290;291;PLACEHOLDER947;x
948;290;291;291;PLACEHOLDER948;x
949;291;291;291;PLACEHOLDER949;x
950;291;291;292;PLACEHOLDER950;x
951;291;292;292;PLACEHOLDER951;x
952;292;292;292;PLACEHOLDER952;x
953;292;292;293;PLACEHOLDER953;x
954;292;293;293;PLACEHOLDER954;x
955;293;293;293;PLACEHOLDER955;x
956;293;293;294;PLACEHOLDER956;x
957;293;294;294;PLACEHOLDER957;x
958;294;294;294;PLACEHOLDER958;x
959;294;294;295;PLACEHOLDER959;x
960;294;295;295;PLACEHOLDER960;x
961;295;295;295;PLACEHOLDER961;x
962;295;295;296;PLACEHOLDER962;x
963;295;296;296;PLACEHOLDER963;x
964;296;296;296;PLACEHOLDER964;x
965;296;296;297;PLACEHOLDER965;x
966;296;297;297;PLACEHOLDER966;x
967;297;297;297;PLACEHOLDER967;x
968;297;297;298;PLACEHOLDER968;x
969;297;298;298;PLACEHOLDER969;x
970;298;298;298;PLACEHOLDER970;x
971;298;298;299;PLACEHOLDER971;x
972;298;299;299;PLACEHOLDER972;x
973;299;299;299;PLACEHOLDER973;x
974;299;299;300;PLACEHOLDER974;x
975;299;300;300;PLACEHOLDER975;x
976;300;300;300;PLACEHOLDER976;x
977;300;300;301;PLACEHOLDER977;x
978;300;301;301;PLACEHOLDER978;x
979;301;301;301;PLACEHOLDER979;x
980;301;301;302;PLACEHOLDER980;x
981;301;302;302;PLACEHOLDER981;x
982;302;302;302;PLACEHOLDER982;x
983;302;302;303;PLACEHOLDER983;x
984;302;303;303;PLACEHOLDER984;x
985;303;303;303;PLACEHOLDER985;x
986;303;303;304;PLACEHOLDER986;x
987;303;304;304;PLACEHOLDER987;x
988;304;304;304;PLACEHOLDER988;x
989;304;304;305;PLACEHOLDER989;x
990;304;305;305;PLACEHOLDER990;x
991;305;305;305;PLACEHOLDER991;x
992;305;305;306;PLACEHOLDER992;x
993;305;306;306;PLACEHOLDER993;x
994;306;306;306;PLACEHOLDER994;x
995;306;306;307;PLACEHOLDER995;x
996;306;307;307;PLACEHOLDER996;x
997;307;307;307;PLACEHOLDER997;x
998;307;307;308;PLACEHOLDER998;x
999;307;308;308;PLACEHOLDER999;x
1000;308;308;308;PLACEHOLDER1000;x
1001;308;308;309;PLACEHOLDER1001;x
1002;308;309;309;PLACEHOLDER1002;x
1003;309;309;309;PLACEHOLDER1003;x
1004;309;309;310;PLACEHOLDER1004;x
1005;309;310;310;PLACEHOLDER1005;x
1006;310;310;310;PLACEHOLDER1006;x
1007;310;310;311;PLACEHOLDER1007;x
1008;310;311;311;PLACEHOLDER1008;x
1009;311;311;311;PLACEHOLDER1009;x
1010;311;311;312;PLACEHOLDER1010;x
1011;311;312;312;PLACEHOLDER1011;x
1012;312;312;312;PLACEHOLDER1012;x
1013;312;312;313;PLACEHOLDER1013;x
1014;312;313;313;PLACEHOLDER1014;x
1015;313;313;313;PLACEHOLDER1015;x
1016;313;313;314;PLACEHOLDER1016;x
1017;313;314;314;PLACEHOLDER1017;x
1018;314;314;314;PLACEHOLDER1018;x
1019;314;314;315;PLACEHOLDER1019;x
1020;314;315;315;PLACEHOLDER1020;x
1021;315;315;315;PLACEHOLDER1021;x
1022;315;315;316;PLACEHOLDER1022;x
1023;315;316;316;PLACEHOLDER1023;x
1024;316;316;316;PLACEHOLDER1024;x
1025;316;316;317;PLACEHOLDER1025;x
1026;316;317;317;PLACEHOLDER1026;x
1027;317;317;317;PLACEHOLDER1027;x
1028;317;317;318;PLACEHOLDER1028;x
1029;317;318;318;PLACEHOLDER1029;x
1030;318;318;318;PLACEHOLDER1030;x
1031;318;318;319;PLACEHOLDER1031;x
1032;318;319;319;PLACEHOLDER1032;x
1033;319;319;319;PLACEHOLDER1033;x
1034;319;319;320;PLACEHOLDER1034;x
1035;319;320;320;PLACEHOLDER1035;x
1036;320;320;320;PLACEHOLDER1036;x
1037;320;320;321;PLACEHOLDER1037;x
1038;320;321;321;PLACEHOLDER1038;x
1039;321;321;321;PLACEHOLDER1039;x
1040;321;321;322;PLACEHOLDER1040;x
1041;321;322;322;PLACEHOLDER1041;x
1042;322;322;322;PLACEHOLDER1042;x
1043;322;322;323;PLACEHOLDER1043;x
1044;322;323;323;PLACEHOLDER1044;x
1045;323;323;323;PLACEHOLDER1045;x
1046;323;323;324;PLACEHOLDER1046;x
1047;323;324;324;PLACEHOLDER1047;x
1048;324;324;324;PLACEHOLDER1048;x
1049;324;324;325;PLACEHOLDER1049;x
1050;324;325;325;PLACEHOLDER1050;x
1051;325;325;325;PLACEHOLDER1051;x
1052;325;325;326;PLACEHOLDER1052;x
1053;325;326;326;PLACEHOLDER1053;x
1054;326;326;326;PLACEHOLDER1054;x
1055;326;326;327;PLACEHOLDER1055;x
1056;326;327;327;PLACEHOLDER1056;x
1057;327;327;327;PLACEHOLDER1057;x
1058;327;327;328;PLACEHOLDER1058;x
1059;327;328;328;PLACEHOLDER1059;x
1060;328;328;328;PLACEHOLDER1060;x
1061;328;328;329;PLACEHOLDER1061;x
1062;328;329;329;PLACEHOLDER1062;x
1063;329;329;329;PLACEHOLDER1063;x
1064;329;329;330;PLACEHOLDER1064;x
1065;329;330;330;PLACEHOLDER1065;x
1066;330;330;330;PLACEHOLDER1066;x
1067;330;330;331;PLACEHOLDER1067;x
1068;330;331;331;PLACEHOLDER1068;x
1069;331;331;331;PLACEHOLDER1069;x
1070;331;331;332;PLACEHOLDER1070;x
1071;331;332;332;PLACEHOLDER1071;x
1072;332;332;332;PLACEHOLDER1072;x
1073;332;332;333;PLACEHOLDER1073;x
1074;332;333;333;PLACEHOLDER1074;x
1075;333;333;333;PLACEHOLDER1075;x
1076;333;333;334;PLACEHOLDER1076;x
1077;333;334;334;PLACEHOLDER1077;x
1078;334;334;334;PLACEHOLDER1078;x
1079;334;334;335;PLACEHOLDER1079;x
1080;334;335;335;PLACEHOLDER1080;x
1081;335;335;335;PLACEHOLDER1081;x
1082;335;335;336;PLACEHOLDER1082;x
1083;335;336;336;PLACEHOLDER1083;x
1084;336;336;336;PLACEHOLDER1084;x
1085;336;336;337;PLACEHOLDER1085;x
1086;336;337;337;PLACEHOLDER1086;x
1087;337;337;337;PLACEHOLDER1087;x
1088;337;337;338;PLACEHOLDER1088;x
1089;337;338;338;PLACEHOLDER1089;x
1090;338;338;338;PLACEHOLDER1090;x
1091;338;338;339;PLACEHOLDER1091;x
1092;338;339;339;PLACEHOLDER1092;x
1093;339;339;339;PLACEHOLDER1093;x
1094;339;339;340;PLACEHOLDER1094;x
1095;339;340;340;PLACEHOLDER1095;x
1096;340;340;340;PLACEHOLDER1096;x
1097;340;340;341;PLACEHOLDER1097;x
1098;340;341;341;PLACEHOLDER1098;x
1099;341;341;341;PLACEHOLDER1099;x
1100;341;341;342;PLACEHOLDER1100;x
1101;341;342;342;PLACEHOLDER1101;x
1102;342;342;342;PLACEHOLDER1102;x
1103;342;342;343;PLACEHOLDER1103;x
1104;342;343;343;PLACEHOLDER1104;x
1105;343;343;343;PLACEHOLDER1105;x
1106;343;343;344;PLACEHOLDER1106;x
1107;343;344;344;PLACEHOLDER1107;x
1108;344;344;344;PLACEHOLDER1108;x
1109;344;344;345;PLACEHOLDER1109;x
1110;344;345;345;PLACEHOLDER1110;x
1111;345;345;345;PLACEHOLDER1111;x
1112;345;345;346;PLACEHOLDER1112;x
1113;345;346;346;PLACEHOLDER1113;x
1114;346;346;346;PLACEHOLDER1114;x
1115;346;346;347;PLACEHOLDER1115;x
1116;346;347;347;PLACEHOLDER1116;x
1117;347;347;347;PLACEHOLDER1117;x
1118;347;347;348;PLACEHOLDER1118;x
1119;347;348;348;PLACEHOLDER1119;x
1120;348;348;348;PLACEHOLDER1120;x
1121;348;348;349;PLACEHOLDER1121;x
1122;348;349;349;PLACEHOLDER1122;x
1123;349;349;349;PLACEHOLDER1123;x
1124;349;349;350;PLACEHOLDER1124;x
1125;349;350;350;PLACEHOLDER1125;x
1126;350;350;350;PLACEHOLDER1126;x
1127;350;350;351;PLACEHOLDER1127;x
1128;350;351;351;PLACEHOLDER1128;x
1129;351;351;351;PLACEHOLDER1129;x
1130;351;351;352;PLACEHOLDER1130;x
1131;351;352;352;PLACEHOLDER1131;x
1132;352;352;352;PLACEHOLDER1132;x
1133;352;352;353;PLACEHOLDER1133;x
1134;352;353;353;PLACEHOLDER1134;x
1135;353;353;353;PLACEHOLDER1135;x
1136;353;353;354;PLACEHOLDER1136;x
1137;353;354;354;PLACEHOLDER1137;x
1138;354;354;354;PLACEHOLDER1138;x
1139;354;354;355;PLACEHOLDER1139;x
1140;354;355;355;PLACEHOLDER1140;x
1141;355;355;355;PLACEHOLDER1141;x
1142;355;355;356;PLACEHOLDER1142;x
1143;355;356;356;PLACEHOLDER1143;x
1144;356;356;356;PLACEHOLDER1144;x
1145;356;356;357;PLACEHOLDER1145;x
1146;356;357;357;PLACEHOLDER1146;x
1147;357;357;357;PLACEHOLDER1147;x
1148;357;357;358;PLACEHOLDER1148;x
1149;357;358;358;PLACEHOLDER1149;x
1150;358;358;358;PLACEHOLDER1150;x
1151;358;358;359;PLACEHOLDER1151;x
1152;358;359;359;PLACEHOLDER1152;x
1153;359;359;359;PLACEHOLDER1153;x
1154;359;359;360;PLACEHOLDER1154;x
1155;359;360;360;PLACEHOLDER1155;x
1156;360;360;360;PLACEHOLDER1156;x
1157;360;360;361;PLACEHOLDER1157;x
1158;360;361;361;PLACEHOLDER1158;x
1159;361;361;361;PLACEHOLDER1159;x
1160;361;361;362;PLACEHOLDER1160;x
1161;361;362;362;PLACEHOLDER1161;x
1162;362;362;362;PLACEHOLDER1162;x
1163;362;362;363;PLACEHOLDER1163;x
1164;362;363;363;PLACEHOLDER1164;x
1165;363;363;363;PLACEHOLDER1165;x
1166;363;363;364;PLACEHOLDER1166;x
1167;363;364;364;PLACEHOLDER1167;x
1168;364;364;364;PLACEHOLDER1168;x
1169;364;364;365;PLACEHOLDER1169;x
1170;364;365;365;PLACEHOLDER1170;x
1171;365;365;365;PLACEHOLDER1171;x
1172;365;365;366;PLACEHOLDER1172;x
1173;365;366;366;PLACEHOLDER1173;x
1174;366;366;366;PLACEHOLDER1174;x
1175;366;366;367;PLACEHOLDER1175;x
1176;366;367;367;PLACEHOLDER1176;x
1177;367;367;367;PLACEHOLDER1177;x
1178;367;367;368;PLACEHOLDER1178;x
1179;367;368;368;PLACEHOLDER1179;x
1180;368;368;368;PLACEHOLDER1180;x
1181;368;368;369;PLACEHOLDER1181;x
1182;368;369;369;PLACEHOLDER1182;x
1183;369;369;369;PLACEHOLDER1183;x
1184;369;369;370;PLACEHOLDER1184;x
1185;369;370;370;PLACEHOLDER1185;x
1186;370;370;370;PLACEHOLDER1186;x
1187;370;370;371;PLACEHOLDER1187;x
1188;370;371;371;PLACEHOLDER1188;x
1189;371;371;371;PLACEHOLDER1189;x
1190;371;371;372;PLACEHOLDER1190;x
1191;371;372;372;PLACEHOLDER1191;x
1192;372;372;372;PLACEHOLDER1192;x
1193;372;372;373;PLACEHOLDER1193;x
1194;372;373;373;PLACEHOLDER1194;x
1195;373;373;373;PLACEHOLDER1195;x
1196;373;373;374;PLACEHOLDER1196;x
1197;373;374;374;PLACEHOLDER1197;x
1198;374;374;374;PLACEHOLDER1198;x
1199;374;374;375;PLACEHOLDER1199;x
1200;374;375;375;PLACEHOLDER1200;x
1201;375;375;375;PLACEHOLDER1201;x
1202;375;375;376;PLACEHOLDER1202;x
1203;375;376;376;PLACEHOLDER1203;x
1204;376;376;376;PLACEHOLDER1204;x
1205;376;376;377;PLACEHOLDER1205;x
1206;376;377;377;PLACEHOLDER1206;x
1207;377;377;377;PLACEHOLDER1207;x
1208;377;377;378;PLACEHOLDER1208;x
1209;377;378;378;PLACEHOLDER1209;x
1210;378;378;378;PLACEHOLDER1210;x
1211;378;378;379;PLACEHOLDER1211;x
1212;378;379;379;PLACEHOLDER1212;x
1213;379;379;379;PLACEHOLDER1213;x
1214;379;379;380;PLACEHOLDER1214;x
1215;379;380;380;PLACEHOLDER1215;x
1216;380;380;380;PLACEHOLDER1216;x
1217;380;380;381;PLACEHOLDER1217;x
1218;380;381;381;PLACEHOLDER1218;x
1219;381;381;381;PLACEHOLDER1219;x
1220;381;381;382;PLACEHOLDER1220;x
1221;381;382;382;PLACEHOLDER1221;x
1222;382;382;382;PLACEHOLDER1222;x
1223;382;382;383;PLACEHOLDER1223;x
1224;382;383;383;PLACEHOLDER1224;x
1225;383;383;383;PLACEHOLDER1225;x
1226;383;383;384;PLACEHOLDER1226;x
1227;383;384;384;PLACEHOLDER1227;x
1228;384;384;384;PLACEHOLDER1228;x
1229;384;384;385;PLACEHOLDER1229;x
1230;384;385;385;PLACEHOLDER1230;x
1231;385;385;385;PLACEHOLDER1231;x
1232;385;385;386;PLACEHOLDER1232;x
1233;385;386;386;PLACEHOLDER1233;x
1234;386;386;386;PLACEHOLDER1234;x
1235;386;386;387;PLACEHOLDER1235;x
1236;386;387;387;PLACEHOLDER1236;x
1237;387;387;387;PLACEHOLDER1237;x
1238;387;387;388;PLACEHOLDER1238;x
1239;387;388;388;PLACEHOLDER1239;x
1240;388;388;388;PLACEHOLDER1240;x
1241;388;388;389;PLACEHOLDER1241;x
1242;388;389;389;PLACEHOLDER1242;x
1243;389;389;389;PLACEHOLDER1243;x
1244;389;389;390;PLACEHOLDER1244;x
1245;389;390;390;PLACEHOLDER1245;x
1246;390;390;390;PLACEHOLDER1246;x
1247;390;390;391;PLACEHOLDER1247;x
1248;390;391;391;PLACEHOLDER1248;x
1249;391;391;391;PLACEHOLDER1249;x
1250;391;391;392;PLACEHOLDER1250;x
1251;391;392;392;PLACEHOLDER1251;x
1252;392;392;392;PLACEHOLDER1252;x
1253;392;392;393;PLACEHOLDER1253;x
1254;392;393;393;PLACEHOLDER1254;x
1255;393;393;393;PLACEHOLDER1255;x
1256;393;393;394;PLACEHOLDER1256;x
1257;393;394;394;PLACEHOLDER1257;x
1258;394;394;394;PLACEHOLDER1258;x
1259;394;394;395;PLACEHOLDER1259;x
1260;394;395;395;PLACEHOLDER1260;x
1261;395;395;395;PLACEHOLDER1261;x
1262;395;395;396;PLACEHOLDER1262;x
1263;395;396;396;PLACEHOLDER1263;x
1264;396;396;396;PLACEHOLDER1264;x
1265;396;396;397;PLACEHOLDER1265;x
1266;396;397;397;PLACEHOLDER1266;x
1267;397;397;397;PLACEHOLDER1267;x
1268;397;397;398;PLACEHOLDER1268;x
1269;397;398;398;PLACEHOLDER1269;x
1270;398;398;398;PLACEHOLDER1270;x
1271;398;398;399;PLACEHOLDER1271;x
1272;398;399;399;PLACEHOLDER1272;x
1273;399;399;399;PLACEHOLDER1273;x
1274;399;399;400;PLACEHOLDER1274;x
1275;399;400;400;PLACEHOLDER1275;x
1276;400;400;400;PLACEHOLDER1276;x
1277;400;400;401;PLACEHOLDER1277;x
1278;400;401;401;PLACEHOLDER1278;x
1279;401;401;401;PLACEHOLDER1279;x
1280;401;401;402;PLACEHOLDER1280;x
1281;401;402;402;PLACEHOLDER1281;x
1282;402;402;402;PLACEHOLDER1282;x
1283;402;402;403;PLACEHOLDER1283;x
1284;402;403;403;PLACEHOLDER1284;x
1285;403;403;403;PLACEHOLDER1285;x
1286;403;403;404;PLACEHOLDER1286;x
1287;403;404;404;PLACEHOLDER1287;x
1288;404;404;404;PLACEHOLDER1288;x
1289;404;404;405;PLACEHOLDER1289;x
1290;404;405;405;PLACEHOLDER1290;x
1291;405;405;405;PLACEHOLDER1291;x
1292;405;405;406;PLACEHOLDER1292;x
1293;405;406;406;PLACEHOLDER1293;x
1294;406;406;406;PLACEHOLDER1294;x
1295;406;406;407;PLACEHOLDER1295;x
1296;406;407;407;PLACEHOLDER1296;x
1297;407;407;407;PLACEHOLDER1297;x
1298;407;407;408;PLACEHOLDER1298;x
1299;407;408;408;PLACEHOLDER1299;x
1300;408;408;408;PLACEHOLDER1300;x
1301;408;408;409;PLACEHOLDER1301;x
1302;408;409;409;PLACEHOLDER1302;x
1303;409;409;409;PLACEHOLDER1303;x
1304;409;409;410;PLACEHOLDER1304;x
1305;409;410;410;PLACEHOLDER1305;x
1306;410;410;410;PLACEHOLDER1306;x
1307;410;410;411;PLACEHOLDER1307;x
1308;410;411;411;PLACEHOLDER1308;x
1309;411;411;411;PLACEHOLDER1309;x
1310;411;411;412;PLACEHOLDER1310;x
1311;411;412;412;PLACEHOLDER1311;x
1312;412;412;412;PLACEHOLDER1312;x
1313;412;412;413;PLACEHOLDER1313;x
1314;412;413;413;PLACEHOLDER1314;x
1315;413;413;413;PLACEHOLDER1315;x
1316;413;413;414;PLACEHOLDER1316;x
1317;413;414;414;PLACEHOLDER1317;x
1318;414;414;414;PLACEHOLDER1318;x
1319;414;414;415;PLACEHOLDER1319;x
1320;414;415;415;PLACEHOLDER1320;x
1321;415;415;415;PLACEHOLDER1321;x
1322;415;415;416;PLACEHOLDER1322;x
1323;415;416;416;PLACEHOLDER1323;x
1324;416;416;416;PLACEHOLDER1324;x
1325;416;416;417;PLACEHOLDER1325;x
1326;416;417;417;PLACEHOLDER1326;x
1327;417;417;417;PLACEHOLDER1327;x
1328;417;417;418;PLACEHOLDER1328;x
1329;417;418;418;PLACEHOLDER1329;x
1330;418;418;418;PLACEHOLDER1330;x
1331;418;418;419;PLACEHOLDER1331;x
1332;418;419;419;PLACEHOLDER1332;x
1333;419;419;419;PLACEHOLDER1333;x
1334;419;419;420;PLACEHOLDER1334;x
1335;419;420;420;PLACEHOLDER1335;x
1336;420;420;420;PLACEHOLDER1336;x
1337;420;420;421;PLACEHOLDER1337;x
1338;420;421;421;PLACEHOLDER1338;x
1339;421;421;421;PLACEHOLDER1339;x
1340;421;421;422;PLACEHOLDER1340;x
1341;421;422;422;PLACEHOLDER1341;x
1342;422;422;422;PLACEHOLDER1342;x
1343;422;422;423;PLACEHOLDER1343;x
1344;422;423;423;PLACEHOLDER1344;x
1345;423;423;423;PLACEHOLDER1345;x
1346;423;423;424;PLACEHOLDER1346;x
1347;423;424;424;PLACEHOLDER1347;x
1348;424;424;424;PLACEHOLDER1348;x
1349;424;424;425;PLACEHOLDER1349;x
1350;424;425;425;PLACEHOLDER1350;x
1351;425;425;425;PLACEHOLDER1351;x
1352;425;425;426;PLACEHOLDER1352;x
1353;425;426;426;PLACEHOLDER1353;x
1354;426;426;426;PLACEHOLDER1354;x
1355;426;426;427;PLACEHOLDER1355;x
1356;426;427;427;PLACEHOLDER1356;x
1357;427;427;427;PLACEHOLDER1357;x
1358;427;427;428;PLACEHOLDER1358;x
1359;427;428;428;PLACEHOLDER1359;x
1360;428;428;428;PLACEHOLDER1360;x
1361;428;428;429;PLACEHOLDER1361;x
1362;428;429;429;PLACEHOLDER1362;x
1363;429;429;429;PLACEHOLDER1363;x
1364;429;429;430;PLACEHOLDER1364;x
1365;429;430;430;PLACEHOLDER1365;x
1366;430;430;430;PLACEHOLDER1366;x
1367;430;430;431;PLACEHOLDER1367;x
1368;430;431;431;PLACEHOLDER1368;x
1369;431;431;431;PLACEHOLDER1369;x
1370;431;431;432;PLACEHOLDER1370;x
1371;431;432;432;PLACEHOLDER1371;x
1372;432;432;432;PLACEHOLDER1372;x
1373;432;432;433;PLACEHOLDER1373;x
1374;432;433;433;PLACEHOLDER1374;x
1375;433;433;433;PLACEHOLDER1375;x
1376;433;433;434;PLACEHOLDER1376;x
1377;433;434;434;PLACEHOLDER1377;x
1378;434;434;434;PLACEHOLDER1378;x
1379;434;434;435;PLACEHOLDER1379;x
1380;434;435;435;PLACEHOLDER1380;x
1381;435;435;435;PLACEHOLDER1381;x
1382;435;435;436;PLACEHOLDER1382;x
1383;435;436;436;PLACEHOLDER1383;x
1384;436;436;436;PLACEHOLDER1384;x
1385;436;436;437;PLACEHOLDER1385;x
1386;436;437;437;PLACEHOLDER1386;x
1387;437;437;437;PLACEHOLDER1387;x
1388;437;437;438;PLACEHOLDER1388;x
1389;437;438;438;PLACEHOLDER1389;x
1390;438;438;438;PLACEHOLDER1390;x
1391;438;438;439;PLACEHOLDER1391;x
1392;438;439;439;PLACEHOLDER1392;x
1393;439;439;439;PLACEHOLDER1393;x
1394;439;439;440;PLACEHOLDER1394;x
1395;439;440;440;PLACEHOLDER1395;x
1396;440;440;440;PLACEHOLDER1396;x
1397;440;440;441;PLACEHOLDER1397;x
1398;440;441;441;PLACEHOLDER1398;x
1399;441;441;441;PLACEHOLDER1399;x
1400;441;441;442;PLACEHOLDER1400;x
1401;441;442;442;PLACEHOLDER1401;x
1402;442;442;442;PLACEHOLDER1402;x
1403;442;442;443;PLACEHOLDER1403;x
1404;442;443;443;PLACEHOLDER1404;x
1405;443;443;443;PLACEHOLDER1405;x
1406;443;443;444;PLACEHOLDER1406;x
1407;443;444;444;PLACEHOLDER1407;x
1408;444;444;444;PLACEHOLDER1408;x
1409;444;444;445;PLACEHOLDER1409;x
1410;444;445;445;PLACEHOLDER1410;x
1411;445;445;445;PLACEHOLDER1411;x
1412;445;445;446;PLACEHOLDER1412;x
1413;445;446;446;PLACEHOLDER1413;x
1414;446;446;446;PLACEHOLDER1414;x
1415;446;446;447;PLACEHOLDER1415;x
1416;446;447;447;PLACEHOLDER1416;x
1417;447;447;447;PLACEHOLDER1417;x
1418;447;447;448;PLACEHOLDER1418;x
1419;447;448;448;PLACEHOLDER1419;x
1420;448;448;448;PLACEHOLDER1420;x
1421;448;448;449;PLACEHOLDER1421;x
1422;448;449;449;PLACEHOLDER1422;x
1423;449;449;449;PLACEHOLDER1423;x
1424;449;449;450;PLACEHOLDER1424;x
1425;449;450;450;PLACEHOLDER1425;x
1426;450;450;450;PLACEHOLDER1426;x
1427;450;450;451;PLACEHOLDER1427;x
1428;450;451;451;PLACEHOLDER1428;x
1429;451;451;451;PLACEHOLDER1429;x
1430;451;451;452;PLACEHOLDER1430;x
1431;451;452;452;PLACEHOLDER1431;x
1432;452;452;452;PLACEHOLDER1432;x
1433;452;452;453;PLACEHOLDER1433;x
1434;452;453;453;PLACEHOLDER1434;x
1435;453;453;453;PLACEHOLDER1435;x
1436;453;453;454;PLACEHOLDER1436;x
1437;453;454;454;PLACEHOLDER1437;x
1438;454;454;454;PLACEHOLDER1438;x
1439;454;454;455;PLACEHOLDER1439;x
1440;454;455;455;PLACEHOLDER1440;x
1441;455;455;455;PLACEHOLDER1441;x
1442;455;455;456;PLACEHOLDER1442;x
1443;455;456;456;PLACEHOLDER1443;x
1444;456;456;456;PLACEHOLDER1444;x
1445;456;456;457;PLACEHOLDER1445;x
1446;456;457;457;PLACEHOLDER1446;x
1447;457;457;457;PLACEHOLDER1447;x
1448;457;457;458;PLACEHOLDER1448;x
1449;457;458;458;PLACEHOLDER1449;x
1450;458;458;458;PLACEHOLDER1450;x
1451;458;458;459;PLACEHOLDER1451;x
1452;458;459;459;PLACEHOLDER1452;x
1453;459;459;459;PLACEHOLDER1453;x
1454;459;459;460;PLACEHOLDER1454;x
1455;459;460;460;PLACEHOLDER1455;x
1456;460;460;460;PLACEHOLDER1456;x
1457;460;460;461;PLACEHOLDER1457;x
1458;460;461;461;PLACEHOLDER1458;x
1459;461;461;461;PLACEHOLDER1459;x
1460;461;461;462;PLACEHOLDER1460;x
1461;461;462;462;PLACEHOLDER1461;x
1462;462;462;462;PLACEHOLDER1462;x
1463;462;462;463;PLACEHOLDER1463;x
1464;462;463;463;PLACEHOLDER1464;x
1465;463;463;463;PLACEHOLDER1465;x
1466;463;463;464;PLACEHOLDER1466;x
1467;463;464;464;PLACEHOLDER1467;x
1468;464;464;464;PLACEHOLDER1468;x
1469;464;464;465;PLACEHOLDER1469;x
1470;464;465;465;PLACEHOLDER1470;x
1471;465;465;465;PLACEHOLDER1471;x
1472;465;465;466;PLACEHOLDER1472;x
1473;465;466;466;PLACEHOLDER1473;x
1474;466;466;466;PLACEHOLDER1474;x
1475;466;466;467;PLACEHOLDER1475;x
1476;466;467;467;PLACEHOLDER1476;x
1477;467;467;467;PLACEHOLDER1477;x
1478;467;467;468;PLACEHOLDER1478;x
1479;467;468;468;PLACEHOLDER1479;x
1480;468;468;468;PLACEHOLDER1480;x
1481;468;468;469;PLACEHOLDER1481;x
1482;468;469;469;PLACEHOLDER1482;x
1483;469;469;469;PLACEHOLDER1483;x
1484;469;469;470;PLACEHOLDER1484;x
1485;469;470;470;PLACEHOLDER1485;x
1486;470;470;470;PLACEHOLDER1486;x
1487;470;470;471;PLACEHOLDER1487;x
1488;470;471;471;PLACEHOLDER1488;x
1489;471;471;471;PLACEHOLDER1489;x
1490;471;471;472;PLACEHOLDER1490;x
1491;471;472;472;PLACEHOLDER1491;x
1492;472;472;472;PLACEHOLDER1492;x
1493;472;472;473;PLACEHOLDER1493;x
1494;472;473;473;PLACEHOLDER1494;x
1495;473;473;473;PLACEHOLDER1495;x
1496;473;473;474;PLACEHOLDER1496;x
1497;473;474;474;PLACEHOLDER1497;x
1498;474;474;474;PLACEHOLDER1498;x
1499;474;474;475;PLACEHOLDER1499;x
1500;124;182;237;Sea of Broken Wails;x
1501;161;209;228;Sea of Broken Wails #2;x
1502;119;219;231;Sea of Broken Wails #3;x
1503;182;191;206;Sea of Broken Wails #4;x
1504;125;203;231;Sea of Broken Wails #5;x
1505;185;234;191;Sea of Broken Wails #6;x
1506;91;194;222;Sea of Broken Wails #7;x
1507;119;216;228;Sea of Broken Wails #8;x
1508;131;188;213;Sea of Broken Wails #9;x
1509;188;216;237;Running River;x
